4999.0,//item.jd.com/100005171461.html

5499.0,//item.jd.com/100011386554.html

4199.0,//item.jd.com/100010816812.html

7299.0,//item.jd.com/100006460635.html

4499.0,//item.jd.com/100013023568.html

5699.0,//item.jd.com/100012885246.html

4299.0,//item.jd.com/100006546527.html

4299.0,//item.jd.com/100010879626.html

6099.0,//item.jd.com/100012885264.html

5599.0,//item.jd.com/100011773090.html

6299.0,//item.jd.com/100006487373.html

6399.0,//item.jd.com/100012950510.html

4299.0,//item.jd.com/100012583158.html

9499.0,//item.jd.com/100013054330.html

4599.0,//item.jd.com/100004563443.html

5999.0,//item.jd.com/100011177202.html

6399.0,//item.jd.com/100012950506.html

5999.0,//item.jd.com/100013171828.html

4499.0,//item.jd.com/100007161973.html

7699.0,//item.jd.com/100006288375.html

4699.0,//item.jd.com/100006893703.html

3599.0,//item.jd.com/100012445728.html

7399.0,//item.jd.com/100012950554.html

7399.0,//item.jd.com/100007078171.html

8199.0,//item.jd.com/100006690593.html

6499.0,//item.jd.com/100007045421.html

4699.0,//item.jd.com/100011045982.html

5599.0,//item.jd.com/100007539330.html

4499.0,//item.jd.com/100004508927.html

4099.0,//item.jd.com/100012516428.html

3899.0,//item.jd.com/100012039000.html

6299.0,//item.jd.com/100012177990.html

6499.0,//item.jd.com/100012885240.html

7699.0,//item.jd.com/100007045417.html

4099.0,//item.jd.com/100006893701.html

4299.0,//item.jd.com/100010879608.html

4199.0,//item.jd.com/100006008837.html

4299.0,//item.jd.com/100006461093.html

9999.0,//item.jd.com/100006589421.html

9999.0,//item.jd.com/100007136953.html

6799.0,//item.jd.com/100007539322.html

7299.0,//item.jd.com/100005603834.html

6299.0,//item.jd.com/100012082340.html

6999.0,//item.jd.com/100011176576.html

5499.0,//item.jd.com/100006567337.html

7199.0,//item.jd.com/100013068394.html

3899.0,//item.jd.com/100006040247.html

18999.0,//item.jd.com/100005638677.html

9999.0,//item.jd.com/100005653633.html

12999.0,//item.jd.com/100012038784.html

8299.0,//item.jd.com/45913080274.html

4999.0,//item.jd.com/100005729171.html

5199.0,//item.jd.com/100005217597.html

5699.0,//item.jd.com/100007818806.html

6999.0,//item.jd.com/100011719540.html

5899.0,//item.jd.com/100011177234.html

4299.0,//item.jd.com/100004364088.html

14499.0,//item.jd.com/100007136959.html

8999.0,//item.jd.com/100003396847.html

7299.0,//item.jd.com/100012062390.html

7149.0,//item.jd.com/100012177988.html

18999.0,//item.jd.com/100010079898.html

6299.0,//item.jd.com/100003395615.html

5499.0,//item.jd.com/100012751534.html

7799.0,//item.jd.com/60380476105.html

6099.0,//item.jd.com/100012885262.html

4799.0,//item.jd.com/100001762851.html

6399.0,//item.jd.com/100004311524.html

5599.0,//item.jd.com/100006546573.html

5999.0,//item.jd.com/100011177180.html

6999.0,//item.jd.com/100009430044.html

3599.0,//item.jd.com/100011513428.html

4979.0,//item.jd.com/100009182968.html

7199.0,//item.jd.com/100004915725.html

4299.0,//item.jd.com/100010824220.html

8099.0,//item.jd.com/100005606318.html

8699.0,//item.jd.com/100009083152.html

4299.0,//item.jd.com/100007934914.html

6999.0,//item.jd.com/100004311526.html

6399.0,//item.jd.com/100005772313.html

5699.0,//item.jd.com/100005886932.html

8999.0,//item.jd.com/100012038814.html

4999.0,//item.jd.com/100006472357.html

4499.0,//item.jd.com/100012979450.html

11888.0,//item.jd.com/100009186338.html

12999.0,//item.jd.com/100012038786.html

6999.0,//item.jd.com/100005625380.html

3999.0,//item.jd.com/100003269299.html

4299.0,//item.jd.com/100003949311.html

5299.0,//item.jd.com/55983367371.html

5299.0,//item.jd.com/100009238742.html

6999.0,//item.jd.com/100012177992.html

13499.0,//item.jd.com/100005419419.html

7399.0,//item.jd.com/100005625392.html

6599.0,//item.jd.com/100003406367.html

4799.0,//item.jd.com/6072614.html

6099.0,//item.jd.com/100002391174.html

6999.0,//item.jd.com/100002844901.html

9499.0,//item.jd.com/100007151997.html

9999.0,//item.jd.com/100011979220.html

7999.0,//item.jd.com/100003150685.html

3899.0,//item.jd.com/100006619423.html

12999.0,//item.jd.com/100003557929.html

3999.0,//item.jd.com/100010826856.html

15999.0,//item.jd.com/100013068436.html

7999.0,//item.jd.com/100011979218.html

4299.0,//item.jd.com/100005224917.html

15999.0,//item.jd.com/100013072816.html

4699.0,//item.jd.com/100012595584.html

10999.0,//item.jd.com/100004442453.html

9899.0,//item.jd.com/100008602068.html

9499.0,//item.jd.com/100003898883.html

4499.0,//item.jd.com/100013119078.html

5799.0,//item.jd.com/100005011386.html

6199.0,//item.jd.com/100013066160.html

5689.0,//item.jd.com/100003052761.html

5299.0,//item.jd.com/100011213616.html

5499.0,//item.jd.com/100003395617.html

5499.0,//item.jd.com/100006863273.html

10599.0,//item.jd.com/100008492950.html

9999.0,//item.jd.com/100012177978.html

5199.0,//item.jd.com/100006619345.html

8499.0,//item.jd.com/63773446765.html

4099.0,//item.jd.com/100004770245.html

7499.0,//item.jd.com/100001656131.html

9699.0,//item.jd.com/100003688077.html

12999.0,//item.jd.com/100012177980.html

5099.0,//item.jd.com/100008961702.html

7299.0,//item.jd.com/100010342228.html

11499.0,//item.jd.com/100007136955.html

5499.0,//item.jd.com/100005188045.html

4299.0,//item.jd.com/100003546759.html

14469.0,//item.jd.com/100005523703.html

4999.0,//item.jd.com/100011384574.html

6299.0,//item.jd.com/100005171159.html

3399.0,//item.jd.com/100011088800.html

5399.0,//item.jd.com/100012558282.html

4399.0,//item.jd.com/100006842477.html

3999.0,//item.jd.com/100011871798.html

6499.0,//item.jd.com/100010903936.html

3999.0,//item.jd.com/100004286189.html

7999.0,//item.jd.com/100005550829.html

3699.0,//item.jd.com/100006706156.html

4499.0,//item.jd.com/100007317098.html

4499.0,//item.jd.com/100003335145.html

5769.0,//item.jd.com/100012037330.html

5499.0,//item.jd.com/100006189287.html

13699.0,//item.jd.com/100005855234.html

8999.0,//item.jd.com/100005258005.html

9499.0,//item.jd.com/100010774634.html

5799.0,//item.jd.com/100010259526.html

3999.0,//item.jd.com/100008645054.html

4419.0,//item.jd.com/100012037332.html

8699.0,//item.jd.com/100013068396.html

6899.0,//item.jd.com/100008638952.html

7499.0,//item.jd.com/100006743207.html

2199.0,//item.jd.com/100004049003.html

4799.0,//item.jd.com/100006392085.html

7499.0,//item.jd.com/100009083154.html

3999.0,//item.jd.com/100011720498.html

10999.0,//item.jd.com/100009083138.html

16999.0,//item.jd.com/100004302449.html

5199.0,//item.jd.com/66609752663.html

5199.0,//item.jd.com/100006842479.html

5299.0,//item.jd.com/100008535980.html

5499.0,//item.jd.com/100005205701.html

4699.0,//item.jd.com/68981252360.html

5999.0,//item.jd.com/100010373884.html

8499.0,//item.jd.com/100011387068.html

10499.0,//item.jd.com/100002772399.html

10599.0,//item.jd.com/100012578678.html

5699.0,//item.jd.com/100004347937.html

9999.0,//item.jd.com/100012955124.html

13999.0,//item.jd.com/100005044357.html

5699.0,//item.jd.com/100007539314.html

4999.0,//item.jd.com/100006404041.html

4399.0,//item.jd.com/52143755234.html

5999.0,//item.jd.com/100005546829.html

8999.0,//item.jd.com/100006729772.html

5399.0,//item.jd.com/100010753078.html

9599.0,//item.jd.com/100006691543.html

9728.0,//item.jd.com/100009972420.html

6466.0,//item.jd.com/66699780307.html

13999.0,//item.jd.com/100005601454.html

13999.0,//item.jd.com/100011260232.html

6499.0,//item.jd.com/100004365309.html

4899.0,//item.jd.com/100006881259.html

3599.0,//item.jd.com/100002775413.html

11999.0,//item.jd.com/100005099257.html

4199.0,//item.jd.com/100012038996.html

15999.0,//item.jd.com/100005526132.html

8999.0,//item.jd.com/100013174332.html

8699.0,//item.jd.com/100012345068.html

4499.0,//item.jd.com/56080707369.html

12999.0,//item.jd.com/100006365927.html

7599.0,//item.jd.com/100009009806.html

3999.0,//item.jd.com/100006757348.html

9299.0,//item.jd.com/100007255212.html

6799.0,//item.jd.com/100009906626.html

5699.0,//item.jd.com/100006745172.html

7299.0,//item.jd.com/100009898514.html

6299.0,//item.jd.com/100006288373.html

7699.0,//item.jd.com/5025869.html

3699.0,//item.jd.com/100010515558.html

4599.0,//item.jd.com/100007934900.html

8399.0,//item.jd.com/100007999052.html

5499.0,//item.jd.com/100011934288.html

6699.0,//item.jd.com/100013068430.html

6499.0,//item.jd.com/100010213666.html

7499.0,//item.jd.com/100004470690.html

7099.0,//item.jd.com/100010636928.html

6799.0,//item.jd.com/100003169097.html

6899.0,//item.jd.com/100012345010.html

4799.0,//item.jd.com/100008350564.html

6599.0,//item.jd.com/67144459773.html

15499.0,//item.jd.com/100008895696.html

2199.0,//item.jd.com/100000503382.html

9499.0,//item.jd.com/100004681589.html

6199.0,//item.jd.com/100007510950.html

3399.0,//item.jd.com/100012300542.html

6299.0,//item.jd.com/100008309360.html

6399.0,//item.jd.com/68204566250.html

5299.0,//item.jd.com/69199960589.html

25999.0,//item.jd.com/100007765536.html

5799.0,//item.jd.com/100010633416.html

6399.0,//item.jd.com/100011585462.html

2999.0,//item.jd.com/8596169.html

6299.0,//item.jd.com/100005625412.html

11988.0,//item.jd.com/100009996740.html

11988.0,//item.jd.com/100009996736.html

6899.0,//item.jd.com/65388967413.html

11988.0,//item.jd.com/100009972498.html

9999.0,//item.jd.com/100009006240.html

5499.0,//item.jd.com/100003861293.html

9999.0,//item.jd.com/100012099122.html

16999.0,//item.jd.com/100011316470.html

16999.0,//item.jd.com/100011316494.html

2399.0,//item.jd.com/100012094880.html

27999.0,//item.jd.com/100006906189.html

14999.0,//item.jd.com/100010653734.html

5699.0,//item.jd.com/100007124481.html

4099.0,//item.jd.com/62444253493.html

6099.0,//item.jd.com/100012207774.html

13999.0,//item.jd.com/100011436442.html

5199.0,//item.jd.com/100011256976.html

6699.0,//item.jd.com/100008309784.html

6999.0,//item.jd.com/100009898502.html

8699.0,//item.jd.com/100008490538.html

4799.0,//item.jd.com/100011719562.html

5699.0,//item.jd.com/67417780028.html

7999.0,//item.jd.com/46231093299.html

3999.0,//item.jd.com/100010823992.html

5599.0,//item.jd.com/100005726386.html

5199.0,//item.jd.com/100010903942.html

4299.0,//item.jd.com/100011051310.html

6699.0,//item.jd.com/100004501764.html

4199.0,//item.jd.com/100005744148.html

8599.0,//item.jd.com/100013068426.html

3899.0,//item.jd.com/100010947788.html

6899.0,//item.jd.com/100012345038.html

5299.0,//item.jd.com/61100836128.html

3799.0,//item.jd.com/43674800855.html

6999.0,//item.jd.com/100008492048.html

3899.0,//item.jd.com/66619399596.html

12999.0,//item.jd.com/100003471645.html

8999.0,//item.jd.com/100012180100.html

4199.0,//item.jd.com/100011454290.html

5299.0,//item.jd.com/69199960590.html

5499.0,//item.jd.com/100012522522.html

10499.0,//item.jd.com/100008656642.html

16999.0,//item.jd.com/100012607932.html

9999.0,//item.jd.com/100006567148.html

3999.0,//item.jd.com/100008645054.html

6198.0,//item.jd.com/48976581388.html

4899.0,//item.jd.com/100008885178.html

6299.0,//item.jd.com/67144459772.html

19999.0,//item.jd.com/100008895710.html

6579.0,//item.jd.com/100005900849.html

5399.0,//item.jd.com/100005442491.html

6699.0,//item.jd.com/67836424584.html

16999.0,//item.jd.com/100010341886.html

8199.0,//item.jd.com/67144459775.html

12999.0,//item.jd.com/100004920168.html

4899.0,//item.jd.com/100008395662.html

16688.0,//item.jd.com/100009996786.html

8999.0,//item.jd.com/100011605990.html

3099.0,//item.jd.com/44075986106.html

11999.0,//item.jd.com/7650097.html

13999.0,//item.jd.com/41352840945.html

5299.0,//item.jd.com/100011213628.html

7499.0,//item.jd.com/100004916200.html

9949.0,//item.jd.com/46341343514.html

7699.0,//item.jd.com/5751698.html

17199.0,//item.jd.com/100006008785.html

5579.0,//item.jd.com/100004882556.html

4989.0,//item.jd.com/61216591844.html

3999.0,//item.jd.com/100006040396.html

15988.0,//item.jd.com/100009996762.html

8699.0,//item.jd.com/100013208392.html

8499.0,//item.jd.com/100010959372.html

5699.0,//item.jd.com/68204566246.html

16888.0,//item.jd.com/6663565.html

9999.0,//item.jd.com/100011517226.html

4699.0,//item.jd.com/100006294515.html

5649.0,//item.jd.com/62620009482.html

6799.0,//item.jd.com/50203346546.html

7499.0,//item.jd.com/100012513466.html

5999.0,//item.jd.com/65717147998.html

16009.0,//item.jd.com/100005212843.html

15988.0,//item.jd.com/100009996754.html

7299.0,//item.jd.com/48691868299.html

8999.0,//item.jd.com/100007136939.html

10999.0,//item.jd.com/67149040415.html

9699.0,//item.jd.com/100012344936.html

10599.0,//item.jd.com/59706861164.html

11988.0,//item.jd.com/100011317390.html

9299.0,//item.jd.com/100005188209.html

8799.0,//item.jd.com/100006365929.html

7199.0,//item.jd.com/100006650481.html

3699.0,//item.jd.com/100011697986.html

7699.0,//item.jd.com/100010959374.html

3199.0,//item.jd.com/66619399594.html

3999.0,//item.jd.com/46372234093.html

3999.0,//item.jd.com/100007990368.html

5389.0,//item.jd.com/61216591845.html

10599.0,//item.jd.com/65856580959.html

5499.0,//item.jd.com/100003605671.html

5499.0,//item.jd.com/66058117631.html

6299.0,//item.jd.com/100012522512.html

5598.0,//item.jd.com/56054727136.html

7599.0,//item.jd.com/100007030863.html

4899.0,//item.jd.com/100005039097.html

9199.0,//item.jd.com/100007205819.html

6399.0,//item.jd.com/50203346545.html

4199.0,//item.jd.com/100007825576.html

4199.0,//item.jd.com/100010079806.html

4899.0,//item.jd.com/65388967417.html

31999.0,//item.jd.com/100006954708.html

8449.0,//item.jd.com/56048117060.html

19088.0,//item.jd.com/100006014351.html

5699.0,//item.jd.com/100010213530.html

6199.0,//item.jd.com/100004938874.html

4897.0,//item.jd.com/65388967412.html

3799.0,//item.jd.com/53066721084.html

5599.0,//item.jd.com/100009691770.html

7599.0,//item.jd.com/100009149674.html

8999.0,//item.jd.com/55296807789.html

3299.0,//item.jd.com/53066721080.html

5799.0,//item.jd.com/56062258905.html

13288.0,//item.jd.com/69068621850.html

7699.0,//item.jd.com/100002584788.html

11999.0,//item.jd.com/100006365925.html

10009.0,//item.jd.com/100009230442.html

7099.0,//item.jd.com/55325663401.html

2399.0,//item.jd.com/100011851224.html

18899.0,//item.jd.com/100010816690.html

7999.0,//item.jd.com/100004168325.html

5599.0,//item.jd.com/51559132224.html

8999.0,//item.jd.com/100006611322.html

7949.0,//item.jd.com/65173578147.html

3899.0,//item.jd.com/100012568956.html

6399.0,//item.jd.com/100007121533.html

14999.0,//item.jd.com/100006611304.html

8749.0,//item.jd.com/46341343513.html

13999.0,//item.jd.com/100006800517.html

13499.0,//item.jd.com/100012773524.html

7999.0,//item.jd.com/100004501782.html

3499.0,//item.jd.com/100004475800.html

13699.0,//item.jd.com/100010262414.html

7299.0,//item.jd.com/100006393839.html

10009.0,//item.jd.com/100001749921.html

4199.0,//item.jd.com/100012220824.html

5799.0,//item.jd.com/100002925894.html

4799.0,//item.jd.com/65882221052.html

9999.0,//item.jd.com/68505498366.html

3199.0,//item.jd.com/45852594123.html

39699.0,//item.jd.com/100003803855.html

5699.0,//item.jd.com/100010756268.html

9999.0,//item.jd.com/100007619174.html

6199.0,//item.jd.com/100003395771.html

1169.0,//item.jd.com/100008100130.html

25999.0,//item.jd.com/100003803867.html

19458.0,//item.jd.com/100005855486.html

5799.0,//item.jd.com/100010373876.html

3699.0,//item.jd.com/100009482908.html

8999.0,//item.jd.com/7650101.html

4199.0,//item.jd.com/67155868851.html

7399.0,//item.jd.com/100003076174.html

4399.0,//item.jd.com/45849640368.html

5299.0,//item.jd.com/100011905538.html

6499.0,//item.jd.com/54654869755.html

4999.0,//item.jd.com/100006125741.html

4599.0,//item.jd.com/100008792660.html

7599.0,//item.jd.com/67277767962.html

6198.0,//item.jd.com/48976581388.html

4099.0,//item.jd.com/100008895090.html

5699.0,//item.jd.com/100007729110.html

20499.0,//item.jd.com/100006771899.html

6999.0,//item.jd.com/100002942753.html

7199.0,//item.jd.com/66643063859.html

8099.0,//item.jd.com/100006691549.html

7799.0,//item.jd.com/100004421717.html

7388.0,//item.jd.com/100005291643.html

8199.0,//item.jd.com/100011410518.html

6599.0,//item.jd.com/100008641670.html

7899.0,//item.jd.com/100003985809.html

18288.0,//item.jd.com/100005291647.html

4699.0,//item.jd.com/100006276149.html

6999.0,//item.jd.com/65354864554.html

8999.0,//item.jd.com/100008656644.html

3828.0,//item.jd.com/100012817692.html

13488.0,//item.jd.com/100009972396.html

4499.0,//item.jd.com/100005504030.html

7699.0,//item.jd.com/5595307.html

7999.0,//item.jd.com/100003076188.html

6799.0,//item.jd.com/100011217964.html

5399.0,//item.jd.com/100002772501.html

6399.0,//item.jd.com/65652350804.html

9299.0,//item.jd.com/100006359849.html

2899.0,//item.jd.com/45852594119.html

6099.0,//item.jd.com/100000543874.html

5699.0,//item.jd.com/100012755170.html

8299.0,//item.jd.com/100011517222.html

6899.0,//item.jd.com/62875777094.html

3399.0,//item.jd.com/100010711532.html

12699.0,//item.jd.com/100010755486.html

3299.0,//item.jd.com/43674800852.html

11499.0,//item.jd.com/100005626917.html

5299.0,//item.jd.com/51559132223.html

3999.0,//item.jd.com/100003052985.html

6399.0,//item.jd.com/100006189247.html

7399.0,//item.jd.com/100011410520.html

3299.0,//item.jd.com/46372234089.html

6999.0,//item.jd.com/64147357353.html

4999.0,//item.jd.com/100012060886.html

14999.0,//item.jd.com/100007154202.html

4599.0,//item.jd.com/100004771273.html

21999.0,//item.jd.com/100012773512.html

6999.0,//item.jd.com/52608332568.html

5199.0,//item.jd.com/100008895084.html

4999.0,//item.jd.com/67042273976.html

3799.0,//item.jd.com/48375785734.html

5199.0,//item.jd.com/100005039095.html

3850.0,//item.jd.com/100008528560.html

5799.0,//item.jd.com/100005991237.html

6299.0,//item.jd.com/100007136943.html

20999.0,//item.jd.com/100007048553.html

21999.0,//item.jd.com/100012689602.html

21399.0,//item.jd.com/100012696266.html

3699.0,//item.jd.com/100012177984.html

5499.0,//item.jd.com/100004162920.html

5199.0,//item.jd.com/100008836130.html

10299.0,//item.jd.com/100011239296.html

13999.0,//item.jd.com/100007619172.html

6299.0,//item.jd.com/100009748466.html

6099.0,//item.jd.com/41349578629.html

9388.0,//item.jd.com/100005584115.html

7489.0,//item.jd.com/68182455305.html

5899.0,//item.jd.com/50203346542.html

9999.0,//item.jd.com/100012342014.html

5999.0,//item.jd.com/65176760173.html

7799.0,//item.jd.com/100006037588.html

12699.0,//item.jd.com/100002949636.html

2599.0,//item.jd.com/100005814926.html

2599.0,//item.jd.com/100006143642.html

6099.0,//item.jd.com/100005442489.html

3599.0,//item.jd.com/100004749615.html

17999.0,//item.jd.com/100010056732.html

12999.0,//item.jd.com/100010435418.html

3599.0,//item.jd.com/100010836264.html

2299.0,//item.jd.com/100001012445.html

12699.0,//item.jd.com/100010816682.html

4699.0,//item.jd.com/46336868624.html

34999.0,//item.jd.com/100004172027.html

2799.0,//item.jd.com/100006126404.html

4899.0,//item.jd.com/100010248784.html

6999.0,//item.jd.com/100006946945.html

5689.0,//item.jd.com/67837023012.html

6799.0,//item.jd.com/58649233538.html

6199.0,//item.jd.com/50203346544.html

6999.0,//item.jd.com/100013118506.html

3299.0,//item.jd.com/100006222934.html

4699.0,//item.jd.com/46336868627.html

2499.0,//item.jd.com/100013262922.html

16999.0,//item.jd.com/100012698256.html

7299.0,//item.jd.com/100005518262.html

5299.0,//item.jd.com/100004790399.html

7399.0,//item.jd.com/100006240797.html

6099.0,//item.jd.com/41349578628.html

14999.0,//item.jd.com/66750955903.html

7999.0,//item.jd.com/100002844907.html

14479.0,//item.jd.com/100010653082.html

5799.0,//item.jd.com/100009238486.html

4099.0,//item.jd.com/65388967415.html

14999.0,//item.jd.com/67309484201.html

4999.0,//item.jd.com/52143755235.html

5699.0,//item.jd.com/100002584770.html

2899.0,//item.jd.com/44075986104.html

14999.0,//item.jd.com/66138978781.html

2999.0,//item.jd.com/100004475258.html

14999.0,//item.jd.com/100009079064.html

6799.0,//item.jd.com/100006228286.html

7699.0,//item.jd.com/100004916176.html

10599.0,//item.jd.com/100005528184.html

4799.0,//item.jd.com/66609735921.html

27599.0,//item.jd.com/100011239442.html

14199.0,//item.jd.com/100012231814.html

6999.0,//item.jd.com/100006581284.html

6799.0,//item.jd.com/100010823382.html

9699.0,//item.jd.com/100002068619.html

27499.0,//item.jd.com/100007341995.html

8949.0,//item.jd.com/61287268063.html

5499.0,//item.jd.com/100001025859.html

6399.0,//item.jd.com/67468340379.html

13999.0,//item.jd.com/65894345628.html

4099.0,//item.jd.com/100008895090.html

5399.0,//item.jd.com/8674543.html

3299.0,//item.jd.com/65386908042.html

9799.0,//item.jd.com/100006433568.html

9299.0,//item.jd.com/67475274181.html

9799.0,//item.jd.com/100003809675.html

4199.0,//item.jd.com/65375882935.html

10999.0,//item.jd.com/100006359879.html

18399.0,//item.jd.com/100012696284.html

9999.0,//item.jd.com/100006740571.html

9299.0,//item.jd.com/100005701545.html

1849.0,//item.jd.com/100005717981.html

9299.0,//item.jd.com/100010636926.html

17999.0,//item.jd.com/46288993923.html

8499.0,//item.jd.com/47766807876.html

2999.0,//item.jd.com/45852594121.html

9299.0,//item.jd.com/100007619170.html

9388.0,//item.jd.com/100005480385.html

4999.0,//item.jd.com/56054727133.html

6468.0,//item.jd.com/100011324450.html

4399.0,//item.jd.com/100005338865.html

5799.0,//item.jd.com/100004707516.html

10499.0,//item.jd.com/100002131135.html

5999.0,//item.jd.com/66643063858.html

8499.0,//item.jd.com/100012929976.html

5799.0,//item.jd.com/100010782086.html

17999.0,//item.jd.com/100004364243.html

6099.0,//item.jd.com/100005724690.html

8399.0,//item.jd.com/100006729754.html

9979.0,//item.jd.com/100002715925.html

5697.0,//item.jd.com/56054727137.html

16499.0,//item.jd.com/100006550673.html

7299.0,//item.jd.com/67277767961.html

5099.0,//item.jd.com/100004697890.html

6989.0,//item.jd.com/100010816642.html

13999.0,//item.jd.com/100005303710.html

13999.0,//item.jd.com/100006567140.html

7799.0,//item.jd.com/100004247834.html

7299.0,//item.jd.com/100006581282.html

6986.0,//item.jd.com/47534105733.html

5599.0,//item.jd.com/56280907639.html

14699.0,//item.jd.com/100006008781.html

4799.0,//item.jd.com/100010782052.html

7099.0,//item.jd.com/100004168323.html

14399.0,//item.jd.com/100010816656.html

4799.0,//item.jd.com/46336868622.html

4699.0,//item.jd.com/100005442485.html

7299.0,//item.jd.com/62208106007.html

7199.0,//item.jd.com/100012443352.html

4399.0,//item.jd.com/100005723681.html

6489.0,//item.jd.com/100006008761.html

6998.0,//item.jd.com/100007825684.html

12999.0,//item.jd.com/100010341876.html

12999.0,//item.jd.com/100009645478.html

4599.0,//item.jd.com/55340403752.html

12999.0,//item.jd.com/100006633046.html

3499.0,//item.jd.com/100005704873.html

6499.0,//item.jd.com/69022668349.html

6599.0,//item.jd.com/53215660613.html

6899.0,//item.jd.com/100003456141.html

4299.0,//item.jd.com/46339527372.html

5999.0,//item.jd.com/67278121099.html

10599.0,//item.jd.com/41600031177.html

5799.0,//item.jd.com/100004156957.html

10999.0,//item.jd.com/67037802179.html

3399.0,//item.jd.com/100010079822.html

9999.0,//item.jd.com/69239943230.html

10999.0,//item.jd.com/100007651872.html

5199.0,//item.jd.com/65255818560.html

7299.0,//item.jd.com/100011585438.html

4999.0,//item.jd.com/41350444788.html

4299.0,//item.jd.com/69335289728.html

7699.0,//item.jd.com/100002674315.html

5883.0,//item.jd.com/100012349828.html

9899.0,//item.jd.com/100009128958.html

9799.0,//item.jd.com/100003961329.html

9799.0,//item.jd.com/100006729752.html

9799.0,//item.jd.com/100006433544.html

8699.0,//item.jd.com/100000827463.html

10999.0,//item.jd.com/58930035226.html

4899.0,//item.jd.com/46336868625.html

10299.0,//item.jd.com/100010816688.html

9599.0,//item.jd.com/100004707536.html

10199.0,//item.jd.com/100010816652.html

10199.0,//item.jd.com/100010816650.html

9399.0,//item.jd.com/100011901528.html

4499.0,//item.jd.com/65666071016.html

2799.0,//item.jd.com/100004475310.html

5799.0,//item.jd.com/47996048839.html

8999.0,//item.jd.com/100005741820.html

4799.0,//item.jd.com/52230413401.html

8988.0,//item.jd.com/100011195816.html

7599.0,//item.jd.com/100009641208.html

3799.0,//item.jd.com/100002407770.html

4099.0,//item.jd.com/50275028043.html

7399.0,//item.jd.com/100010409538.html

8979.0,//item.jd.com/100004245204.html

7998.0,//item.jd.com/100001105949.html

7499.0,//item.jd.com/100009542214.html

6799.0,//item.jd.com/69117102522.html

3599.0,//item.jd.com/100006513732.html

3599.0,//item.jd.com/100005638613.html

6999.0,//item.jd.com/100006962589.html

6999.0,//item.jd.com/100011239316.html

3499.0,//item.jd.com/100001961628.html

8088.0,//item.jd.com/100000713259.html

3799.0,//item.jd.com/100002609753.html

6699.0,//item.jd.com/69117102521.html

8298.0,//item.jd.com/100007825862.html

6699.0,//item.jd.com/100005803677.html

6999.0,//item.jd.com/100005114578.html

3299.0,//item.jd.com/43955084305.html

6499.0,//item.jd.com/56062258907.html

6699.0,//item.jd.com/100006220597.html

6399.0,//item.jd.com/100003406365.html

7099.0,//item.jd.com/100006358029.html

3199.0,//item.jd.com/100004481323.html

6499.0,//item.jd.com/100011934276.html

6299.0,//item.jd.com/100007539120.html

6499.0,//item.jd.com/54046328952.html

6299.0,//item.jd.com/100003687061.html

6499.0,//item.jd.com/47370236651.html

5399.0,//item.jd.com/55319014882.html

7716.0,//item.jd.com/100006738435.html

3999.0,//item.jd.com/100009737848.html

9047.0,//item.jd.com/100009930688.html

5199.0,//item.jd.com/100009737820.html

8357.0,//item.jd.com/100003179713.html

9999.0,//item.jd.com/100010666324.html

9599.0,//item.jd.com/100012094944.html

7501.0,//item.jd.com/100011213762.html

16999.0,//item.jd.com/100006019315.html

7799.0,//item.jd.com/100011397226.html

6188.0,//item.jd.com/100012975056.html

4999.0,//item.jd.com/46168818653.html

19999.0,//item.jd.com/100005523244.html

5299.0,//item.jd.com/100010875994.html

5699.0,//item.jd.com/46243015891.html

3701.0,//item.jd.com/100007206381.html

6900.0,//item.jd.com/100013209782.html

14888.0,//item.jd.com/100011239448.html

13559.0,//item.jd.com/100011239356.html

10028.0,//item.jd.com/100011271074.html

8069.0,//item.jd.com/100011196590.html

8751.0,//item.jd.com/100011196586.html

7386.0,//item.jd.com/100011976030.html

8012.0,//item.jd.com/100011196588.html

7159.0,//item.jd.com/100006587843.html

7331.0,//item.jd.com/100011196578.html

4599.0,//item.jd.com/100006706182.html

5599.0,//item.jd.com/100010782038.html

5799.0,//item.jd.com/49908426961.html

5999.0,//item.jd.com/52019274201.html

4899.0,//item.jd.com/100010938736.html

6699.0,//item.jd.com/67826014460.html

11988.0,//item.jd.com/100011239450.html

8489.0,//item.jd.com/100011239400.html

4899.0,//item.jd.com/100012975048.html

7458.0,//item.jd.com/100002715919.html

9999.0,//item.jd.com/100007250507.html

20499.0,//item.jd.com/100009410616.html

5699.0,//item.jd.com/100009665492.html

18999.0,//item.jd.com/100007256560.html

7599.0,//item.jd.com/100007136941.html

16999.0,//item.jd.com/100006350483.html

4499.0,//item.jd.com/100007218425.html

4599.0,//item.jd.com/100009596110.html

6099.0,//item.jd.com/100007927668.html

5299.0,//item.jd.com/100008220894.html

14499.0,//item.jd.com/100006550671.html

5399.0,//item.jd.com/59192826030.html

4899.0,//item.jd.com/47199929075.html

4499.0,//item.jd.com/47199929072.html

4899.0,//item.jd.com/47199929074.html

4599.0,//item.jd.com/47199929073.html

6699.0,//item.jd.com/54285549525.html

8388.0,//item.jd.com/100011901536.html

6099.0,//item.jd.com/100007090295.html

7099.0,//item.jd.com/100006773599.html

7299.0,//item.jd.com/100013066168.html

7599.0,//item.jd.com/100013066172.html

6799.0,//item.jd.com/100009737818.html

7599.0,//item.jd.com/100013370608.html

13999.0,//item.jd.com/100005142824.html

6899.0,//item.jd.com/65717147999.html

6999.0,//item.jd.com/66646683161.html

6999.0,//item.jd.com/66646683160.html

4799.0,//item.jd.com/44223448862.html

10299.0,//item.jd.com/100005755490.html

5648.0,//item.jd.com/100007825888.html

6299.0,//item.jd.com/48378592392.html

3999.0,//item.jd.com/100005601466.html

12999.0,//item.jd.com/100010892480.html

9499.0,//item.jd.com/100006883164.html

4999.0,//item.jd.com/100012975060.html

6198.0,//item.jd.com/100004508957.html

6099.0,//item.jd.com/100006305255.html

6048.0,//item.jd.com/100007825890.html

6988.0,//item.jd.com/100006198773.html

4898.0,//item.jd.com/100007832094.html

12499.0,//item.jd.com/100011901530.html

7841.0,//item.jd.com/100012273726.html

13289.0,//item.jd.com/100011239350.html

9091.0,//item.jd.com/100012273748.html

9999.0,//item.jd.com/100013054376.html

10499.0,//item.jd.com/100013054364.html

16999.0,//item.jd.com/100013054368.html

8499.0,//item.jd.com/100007151999.html

5798.0,//item.jd.com/60992680372.html

12499.0,//item.jd.com/100007130003.html

8999.0,//item.jd.com/100004538426.html

5699.0,//item.jd.com/100004751037.html

6999.0,//item.jd.com/100004598212.html

9499.0,//item.jd.com/100004311500.html

23999.0,//item.jd.com/100004505167.html

3399.0,//item.jd.com/100011397210.html

16019.0,//item.jd.com/100011239362.html

14888.0,//item.jd.com/100011239462.html

8637.0,//item.jd.com/100011196728.html

6099.0,//item.jd.com/100007090409.html

4699.0,//item.jd.com/100007233381.html

12999.0,//item.jd.com/7629588.html

5199.0,//item.jd.com/100002717171.html

5699.0,//item.jd.com/100005744178.html

8865.0,//item.jd.com/100011196732.html

7999.0,//item.jd.com/54331361555.html

9999.0,//item.jd.com/55727983329.html

6999.0,//item.jd.com/100006220595.html

7999.0,//item.jd.com/100011239322.html

3399.0,//item.jd.com/100007090297.html

12999.0,//item.jd.com/100007818430.html

12000.0,//item.jd.com/100013290334.html

10199.0,//item.jd.com/100006220593.html

5399.0,//item.jd.com/100011728920.html

3299.0,//item.jd.com/100013315486.html

5799.0,//item.jd.com/100009772748.html

4899.0,//item.jd.com/100002845047.html

10598.0,//item.jd.com/100011324352.html

6999.0,//item.jd.com/100006300173.html

6957.0,//item.jd.com/100005172868.html

20692.0,//item.jd.com/100003019993.html

13399.0,//item.jd.com/100011901516.html

8499.0,//item.jd.com/100011239416.html

6299.0,//item.jd.com/100011239428.html

7299.0,//item.jd.com/100007090315.html

